{"cameraMode":{"drawMode":0,"name":"Shaded","section":"Shading Mode"},"sceneLighting":false,"audioPlay":false,"sceneViewState":{"m_AlwaysRefresh":false,"showFog":true,"showSkybox":false,"showFlares":true,"showImageEffects":true,"showParticleSystems":true,"showVisualEffectGraphs":true,"m_FxEnabled":true},"in2DMode":false,"pivot":{"x":-2.1864476203918459,"y":2.2100374698638918,"z":-1.488050103187561},"rotation":{"x":-0.0842001885175705,"y":0.007762582506984472,"z":0.00048206665087491274,"w":0.9964714646339417},"size":2.1030004024505617,"orthographic":true}