{"cameraMode":{"drawMode":0,"name":"Shaded","section":"Shading Mode"},"sceneLighting":false,"audioPlay":false,"sceneViewState":{"m_AlwaysRefresh":false,"showFog":true,"showSkybox":false,"showFlares":true,"showImageEffects":true,"showParticleSystems":true,"showVisualEffectGraphs":true,"m_FxEnabled":true},"in2DMode":false,"pivot":{"x":4.690241813659668,"y":13.002725601196289,"z":2.1824264526367189},"rotation":{"x":-0.05039967969059944,"y":0.10857753455638886,"z":-0.005348342005163431,"w":-0.9928321242332459},"size":33.89938735961914,"orthographic":true}