{"cameraMode":{"drawMode":0,"name":"Shaded","section":"Shading Mode"},"sceneLighting":false,"audioPlay":false,"sceneViewState":{"m_AlwaysRefresh":false,"showFog":true,"showSkybox":false,"showFlares":true,"showImageEffects":true,"showParticleSystems":true,"showVisualEffectGraphs":true,"m_FxEnabled":true},"in2DMode":false,"pivot":{"x":0.006272375583648682,"y":0.49518072605133059,"z":-0.007470965385437012},"rotation":{"x":-0.12771567702293397,"y":0.4100128710269928,"z":-0.057944804430007938,"w":-0.9012821912765503},"size":0.7081126570701599,"orthographic":true}