{"cameraMode":{"drawMode":0,"name":"Shaded","section":"Shading Mode"},"sceneLighting":false,"audioPlay":false,"sceneViewState":{"m_AlwaysRefresh":false,"showFog":true,"showSkybox":false,"showFlares":true,"showImageEffects":true,"showParticleSystems":true,"showVisualEffectGraphs":true,"m_FxEnabled":true},"in2DMode":false,"pivot":{"x":3.982553005218506,"y":21.51239585876465,"z":-1.1325232982635499},"rotation":{"x":-0.05428373068571091,"y":-0.14566609263420106,"z":0.008004402741789818,"w":-0.9878152012825012},"size":1.6378039121627808,"orthographic":false}