{"cameraMode":{"drawMode":0,"name":"Shaded","section":"Shading Mode"},"sceneLighting":false,"audioPlay":false,"sceneViewState":{"m_AlwaysRefresh":false,"showFog":true,"showSkybox":false,"showFlares":true,"showImageEffects":true,"showParticleSystems":true,"showVisualEffectGraphs":true,"m_FxEnabled":true},"in2DMode":false,"pivot":{"x":-0.022515296936035157,"y":1.003068447113037,"z":-0.07735824584960938},"rotation":{"x":-0.05039967969059944,"y":0.10857753455638886,"z":-0.005348342005163431,"w":-0.9928321242332459},"size":7.104217052459717,"orthographic":true}