{"cameraMode":{"drawMode":0,"name":"Shaded","section":"Shading Mode"},"sceneLighting":false,"audioPlay":false,"sceneViewState":{"m_AlwaysRefresh":false,"showFog":true,"showSkybox":false,"showFlares":true,"showImageEffects":true,"showParticleSystems":true,"showVisualEffectGraphs":true,"m_FxEnabled":true},"in2DMode":false,"pivot":{"x":5.083672046661377,"y":2.3075497150421144,"z":4.679787635803223},"rotation":{"x":0.023723941296339036,"y":0.9096159338951111,"z":0.05245518311858177,"w":-0.41146576404571535},"size":1.425841212272644,"orthographic":true}