{"cameraMode":{"drawMode":0,"name":"Shaded","section":"Shading Mode"},"sceneLighting":false,"audioPlay":false,"sceneViewState":{"m_AlwaysRefresh":false,"showFog":true,"showSkybox":false,"showFlares":true,"showImageEffects":true,"showParticleSystems":true,"showVisualEffectGraphs":true,"m_FxEnabled":true},"in2DMode":false,"pivot":{"x":-0.0053255558013916019,"y":-0.10376095771789551,"z":0.21102476119995118},"rotation":{"x":-0.05039967969059944,"y":0.10857753455638886,"z":-0.005348342005163431,"w":-0.9928321242332459},"size":4.378081321716309,"orthographic":true}