{"cameraMode":{"drawMode":0,"name":"Shaded","section":"Shading Mode"},"sceneLighting":false,"audioPlay":false,"sceneViewState":{"m_AlwaysRefresh":false,"showFog":true,"showSkybox":false,"showFlares":true,"showImageEffects":true,"showParticleSystems":true,"showVisualEffectGraphs":true,"m_FxEnabled":true},"in2DMode":false,"pivot":{"x":-0.0383831262588501,"y":21.480823516845704,"z":-2.779205083847046},"rotation":{"x":0.015103480778634549,"y":-0.9146324396133423,"z":0.03431452065706253,"w":0.4025515019893646},"size":1.0975253582000733,"orthographic":false}