{"cameraMode":{"drawMode":0,"name":"Shaded","section":"Shading Mode"},"sceneLighting":false,"audioPlay":false,"sceneViewState":{"m_AlwaysRefresh":false,"showFog":true,"showSkybox":false,"showFlares":true,"showImageEffects":true,"showParticleSystems":true,"showVisualEffectGraphs":true,"m_FxEnabled":true},"in2DMode":false,"pivot":{"x":-172.42892456054688,"y":646.3470458984375,"z":144.46287536621095},"rotation":{"x":0.011963026598095894,"y":0.07791493088006973,"z":-0.0009403742733411491,"w":0.9968937635421753},"size":239.6989288330078,"orthographic":true}