{"cameraMode":{"drawMode":0,"name":"Shaded","section":"Shading Mode"},"sceneLighting":false,"audioPlay":false,"sceneViewState":{"m_AlwaysRefresh":false,"showFog":true,"showSkybox":false,"showFlares":true,"showImageEffects":true,"showParticleSystems":true,"showVisualEffectGraphs":true,"m_FxEnabled":true},"in2DMode":false,"pivot":{"x":-0.6967639923095703,"y":-2.0321083068847658,"z":5.427498817443848},"rotation":{"x":0.0061797164380550388,"y":0.7351688146591187,"z":0.00694930087774992,"w":-0.6778786182403565},"size":17.46897315979004,"orthographic":true}