{"cameraMode":{"drawMode":0,"name":"Shaded","section":"Shading Mode"},"sceneLighting":false,"audioPlay":false,"sceneViewState":{"m_AlwaysRefresh":false,"showFog":true,"showSkybox":false,"showFlares":true,"showImageEffects":true,"showParticleSystems":true,"showVisualEffectGraphs":true,"m_FxEnabled":true},"in2DMode":false,"pivot":{"x":3.555583953857422,"y":16.323455810546876,"z":-3.1903903484344484},"rotation":{"x":0.0008674310520291328,"y":0.9987431168556213,"z":0.017979498952627183,"w":-0.047705139964818957},"size":0.5122049450874329,"orthographic":false}