{"cameraMode":{"drawMode":0,"name":"Shaded","section":"Shading Mode"},"sceneLighting":false,"audioPlay":false,"sceneViewState":{"m_AlwaysRefresh":false,"showFog":true,"showSkybox":false,"showFlares":true,"showImageEffects":true,"showParticleSystems":true,"showVisualEffectGraphs":true,"m_FxEnabled":true},"in2DMode":false,"pivot":{"x":0.04487490653991699,"y":-0.2753872871398926,"z":0.05275273323059082},"rotation":{"x":-0.5541155934333801,"y":0.08417563140392304,"z":-0.05627027153968811,"w":-0.8263038396835327},"size":6.161988258361816,"orthographic":true}