{"cameraMode":{"drawMode":0,"name":"Shaded","section":"Shading Mode"},"sceneLighting":false,"audioPlay":false,"sceneViewState":{"m_AlwaysRefresh":false,"showFog":true,"showSkybox":false,"showFlares":true,"showImageEffects":true,"showParticleSystems":true,"showVisualEffectGraphs":true,"m_FxEnabled":true},"in2DMode":false,"pivot":{"x":-0.11959719657897949,"y":-0.26720476150512698,"z":-0.012441396713256836},"rotation":{"x":-0.21044844388961793,"y":0.7895638346672058,"z":-0.41672271490097048,"w":-0.39839181303977969},"size":6.573252201080322,"orthographic":true}