{"cameraMode":{"drawMode":0,"name":"Shaded","section":"Shading Mode"},"sceneLighting":false,"audioPlay":false,"sceneViewState":{"m_AlwaysRefresh":false,"showFog":true,"showSkybox":false,"showFlares":true,"showImageEffects":true,"showParticleSystems":true,"showVisualEffectGraphs":true,"m_FxEnabled":true},"in2DMode":false,"pivot":{"x":3.1350796222686769,"y":15.653963088989258,"z":-5.587629795074463},"rotation":{"x":-0.12478900700807572,"y":-0.16528767347335816,"z":0.021087169647216798,"w":-0.9780950546264648},"size":1.3001941442489625,"orthographic":false}