{"cameraMode":{"drawMode":0,"name":"Shaded","section":"Shading Mode"},"sceneLighting":false,"audioPlay":false,"sceneViewState":{"m_AlwaysRefresh":false,"showFog":true,"showSkybox":false,"showFlares":true,"showImageEffects":true,"showParticleSystems":true,"showVisualEffectGraphs":true,"m_FxEnabled":true},"in2DMode":false,"pivot":{"x":-0.009843111038208008,"y":-0.19739961624145509,"z":0.09026718139648438},"rotation":{"x":-0.12651965022087098,"y":0.16822046041488648,"z":-0.021610980853438379,"w":-0.9773951172828674},"size":5.684833526611328,"orthographic":true}