{"cameraMode":{"drawMode":0,"name":"Shaded","section":"Shading Mode"},"sceneLighting":false,"audioPlay":false,"sceneViewState":{"m_AlwaysRefresh":false,"showFog":true,"showSkybox":false,"showFlares":true,"showImageEffects":true,"showParticleSystems":true,"showVisualEffectGraphs":true,"m_FxEnabled":true},"in2DMode":false,"pivot":{"x":0.7673535346984863,"y":1.6968011856079102,"z":-1.9985084533691407},"rotation":{"x":-0.09510989487171173,"y":-0.12359641492366791,"z":0.011902423575520516,"w":-0.9877128005027771},"size":10.879953384399414,"orthographic":true}