{"cameraMode":{"drawMode":0,"name":"Shaded","section":"Shading Mode"},"sceneLighting":false,"audioPlay":false,"sceneViewState":{"m_AlwaysRefresh":false,"showFog":true,"showSkybox":false,"showFlares":true,"showImageEffects":true,"showParticleSystems":true,"showVisualEffectGraphs":true,"m_FxEnabled":true},"in2DMode":false,"pivot":{"x":-0.024532079696655275,"y":-0.36386311054229739,"z":2.7007555961608888},"rotation":{"x":0.12898705899715424,"y":0.676814079284668,"z":0.12245070934295654,"w":-0.7143992185592651},"size":6.006564140319824,"orthographic":true}