{"cameraMode":{"drawMode":0,"name":"Shaded","section":"Shading Mode"},"sceneLighting":false,"audioPlay":false,"sceneViewState":{"m_AlwaysRefresh":false,"showFog":true,"showSkybox":false,"showFlares":true,"showImageEffects":true,"showParticleSystems":true,"showVisualEffectGraphs":true,"m_FxEnabled":true},"in2DMode":false,"pivot":{"x":-3.9688563346862795,"y":7.901798248291016,"z":0.11531269550323487},"rotation":{"x":0.02228173054754734,"y":0.5359055399894714,"z":-0.014150029048323632,"w":0.8438670039176941},"size":1.2086637020111085,"orthographic":true}