{"cameraMode":{"drawMode":0,"name":"Shaded","section":"Shading Mode"},"sceneLighting":false,"audioPlay":false,"sceneViewState":{"m_AlwaysRefresh":false,"showFog":true,"showSkybox":false,"showFlares":true,"showImageEffects":true,"showParticleSystems":true,"showVisualEffectGraphs":true,"m_FxEnabled":true},"in2DMode":false,"pivot":{"x":0.12334640324115753,"y":8.607184410095215,"z":-1.511216163635254},"rotation":{"x":0.5262808799743652,"y":0.020403217524290086,"z":-0.012633438222110272,"w":0.8499733209609985},"size":1.6425710916519166,"orthographic":false}