{"cameraMode":{"drawMode":0,"name":"Shaded","section":"Shading Mode"},"sceneLighting":false,"audioPlay":false,"sceneViewState":{"m_AlwaysRefresh":false,"showFog":true,"showSkybox":false,"showFlares":true,"showImageEffects":true,"showParticleSystems":true,"showVisualEffectGraphs":true,"m_FxEnabled":true},"in2DMode":false,"pivot":{"x":4.404194355010986,"y":0.054499149322509769,"z":-0.05502033233642578},"rotation":{"x":-0.05039967969059944,"y":0.10857753455638886,"z":-0.005348342005163431,"w":-0.9928321242332459},"size":12.027920722961426,"orthographic":true}